TDSFU Daily run: Sun Oct 26 19:11:42 UTC 2025 TDSFU
TDSFU Daily run: Mon Oct 27 04:23:17 UTC 2025 TDSFU
TDSFU Daily run: Tue Oct 28 04:21:54 UTC 2025 TDSFU
TDSFU Daily run: Wed Oct 29 04:22:35 UTC 2025 TDSFU
TDSFU Daily run: Thu Oct 30 04:21:56 UTC 2025 TDSFU
TDSFU Daily run: Fri Oct 31 04:22:11 UTC 2025 TDSFU
TDSFU Daily run: Sat Nov  1 04:21:25 UTC 2025 TDSFU
TDSFU Daily run: Sun Nov  2 04:21:58 UTC 2025 TDSFU
TDSFU Daily run: Mon Nov  3 04:22:55 UTC 2025 TDSFU
TDSFU Daily run: Tue Nov  4 04:21:52 UTC 2025 TDSFU
TDSFU Daily run: Wed Nov  5 04:21:46 UTC 2025 TDSFU
TDSFU Daily run: Thu Nov  6 04:22:23 UTC 2025 TDSFU
